<?xml version = "1.0" standalone = "yes"?>
<TimelineLine_Prefs STK_version = "11.4.0">
    <Views Type = "Content">
        <ContentView Name = "Scenario Availability">
            <Row ClassName = "Scenario" ComponentName = "AvailabilityIntervals" DisplayName = "GPSJammer AvailabilityIntervals" IsDefaultName = "True" IsExpanded = "False" IsGroup = "False" IsHidden = "False" Path = "/Application/STK/Scenario/GPSJammer" Type = "IntervalList">
                <Interval Name = "GPSJammer AvailabilityIntervals" StartTime = "26 Sep 2018 16:00:00.000" StopTime = "27 Sep 2018 16:00:00.000" />
            </Row>
        </ContentView>
    </Views>
    <Views Type = "Time">
        <TimeView FullViewRulerStartTime = "0.000000" FullViewRulerStopTime = "0.000000" GlobalIntervalComp = "AnalysisInterval" GlobalIntervalCompPath = "/Application/STK/Scenario/GPSJammer" GlobalStartOffset = "0.000000" GlobalStartTime = "26 Sep 2018 16:00:00.000" GlobalStopOffset = "0.000000" GlobalStopTime = "27 Sep 2018 16:00:00.000" MaxFullViewTime = "0.000000" MinFullViewTime = "0.000000" Name = "Scenario Analysis Period" ViewportStartTime = "0.000000" ViewportStopTime = "0.000000" />
    </Views>
</TimelineLine_Prefs>